<archetype-descriptor name="spring-mvc"
    xmlns="http://maven.apache.org/plugins/maven-archetype-plugin/archetype-descriptor/1.0.0"
    xmlns:xsi="http://www.w3.org/2001/XMLSchema-instance"
    xsi:schemaLocation="http://maven.apache.org/plugins/maven-archetype-plugin/archetype-descriptor/1.0.0 
    http://maven.apache.org/xsd/archetype-descriptor-1.0.0.xsd">
    <id>spring-mvc</id>
    <fileSets>
        <fileSet filtered="true" packaged="true">
            <directory>src/main/java</directory>
            <includes>
                <include>**/*.java</include>
            </includes>
        </fileSet>
        <fileSet filtered="true">
        <directory>src/main/resources</directory>
        </fileSet>
        <fileSet filtered="true" encoding="UTF-8">
            <directory>src/main/webapp/WEB-INF</directory>
        </fileSet>
        <fileSet filtered="true" encoding="UTF-8">
            <directory>src/main/webapp/WEB-INF</directory>
        </fileSet>
        <fileSet filtered="false" encoding="UTF-8">
            <directory>src/main/webapp/js</directory>
        </fileSet>
        <fileSet filtered="false" encoding="UTF-8">
            <directory>src/main/webapp/jsp</directory>
        </fileSet>
        <fileSet filtered="false" encoding="UTF-8">
            <directory>src/main/webapp/css</directory>
        </fileSet>
        <fileSet filtered="false" encoding="UTF-8">
            <directory>src/main/webapp/fonts</directory>
        </fileSet>
        <fileSet filtered="false" encoding="UTF-8">
            <directory>src/main/webapp</directory>
        </fileSet>
        <fileSet filtered="true" packaged="true">
            <directory>src/test/java</directory>
        <includes>
            <include>**/*.java</include>
        </includes>
        </fileSet>
        <fileSet filtered="true">
            <directory>src/test/resources</directory>
        </fileSet>
    </fileSets>
</archetype-descriptor>
